City,Lat,Lon,Max Temp,Humidity,Cloudiness,Wind Speed,Country,Date
nanortalik,60.14,-45.24,11.08,52,51,5.38,GL,1594931943
nome,64.5,-165.41,13.89,82,90,2.6,US,1594931943
machinga,-15.17,35.3,11.93,82,15,2.68,MW,1594931943
mataura,-46.19,168.86,-1.33,98,20,0.94,NZ,1594931944
torbay,47.67,-52.73,9.44,100,90,8.2,CA,1594931915
busselton,-33.65,115.33,8.33,99,71,4.38,AU,1594931944
alvorada,-12.48,-49.12,29.27,33,2,1.96,BR,1594931944
dwarka,22.24,68.97,28.91,77,100,2.82,IN,1594931944
krasnopavlivka,49.14,36.33,16.9,78,97,1.59,UA,1594931944
warrnambool,-38.38,142.48,0.56,96,0,4.0,AU,1594931944
mandla,22.6,80.38,25.03,84,7,1.15,IN,1594931945
nhulunbuy,-12.23,136.77,19.0,88,0,2.1,AU,1594931881
nikolskoye,59.7,30.79,16.0,67,75,4.0,RU,1594931945
lebu,-37.62,-73.65,12.01,89,100,8.36,CL,1594931751
puerto ayora,-0.74,-90.35,24.0,69,20,8.2,EC,1594931945
sur,22.57,59.53,29.67,64,35,3.15,OM,1594931946
fortuna,40.6,-124.16,21.11,77,1,7.7,US,1594931946
khatanga,71.97,102.5,9.65,75,100,6.87,RU,1594931946
zhigansk,66.77,123.37,16.47,84,98,4.83,RU,1594931946
barrow,71.29,-156.79,2.0,80,90,5.7,US,1594931709
roblin,51.23,-101.36,20.94,64,0,7.4,CA,1594931946
port blair,11.67,92.75,27.26,78,100,4.1,IN,1594931947
kapaa,22.08,-159.32,28.0,74,40,5.7,US,1594931941
worthington,40.09,-83.02,31.11,55,90,6.7,US,1594931947
ambilobe,-13.2,49.05,20.29,84,26,1.08,MG,1594931947
dikson,73.51,80.55,4.84,94,100,1.55,RU,1594931947
serenje,-13.23,30.24,8.5,72,6,5.56,ZM,1594931947
izazi,-7.2,35.73,16.0,48,5,12.9,TZ,1594931947
rikitea,-23.12,-134.97,23.1,81,100,1.98,PF,1594931948
thompson,55.74,-97.86,19.0,63,75,6.2,CA,1594931948
hermanus,-34.42,19.23,10.56,80,0,1.79,ZA,1594931733
hithadhoo,-0.6,73.08,29.01,69,97,2.15,MV,1594931948
bredasdorp,-34.53,20.04,10.0,93,0,1.0,ZA,1594931948
pisco,-13.7,-76.22,16.67,87,90,1.5,PE,1594931948
nuuk,64.18,-51.72,15.0,62,20,2.6,GL,1594931796
bathsheba,13.22,-59.52,30.0,66,40,6.7,BB,1594931949
bluff,-46.6,168.33,3.16,88,23,4.27,NZ,1594931949
san patricio,19.22,-104.7,32.0,75,75,5.1,MX,1594931741
ushuaia,-54.8,-68.3,0.0,89,0,1.5,AR,1594931949
changli,39.7,119.15,23.07,82,56,0.86,CN,1594931944
vaini,-21.2,-175.2,25.0,78,20,3.1,TO,1594931735
upernavik,72.79,-56.15,7.46,80,14,2.86,GL,1594931950
hofn,64.25,-15.21,11.33,87,87,8.67,IS,1594931950
atuona,-9.8,-139.03,26.52,76,0,8.41,PF,1594931950
punta arenas,-53.15,-70.92,0.0,93,75,2.6,CL,1594931883
severo-kurilsk,50.68,156.12,11.2,90,84,1.35,RU,1594931951
rawson,-43.3,-65.1,6.89,78,96,3.0,AR,1594931873
fukue,32.69,128.84,22.57,85,71,6.47,JP,1594931951
qaanaaq,77.48,-69.36,6.75,78,85,1.94,GL,1594931952
santa maria,-29.68,-53.81,10.0,87,75,6.2,BR,1594931751
fonte boa,-2.5,-66.27,29.93,62,100,0.52,BR,1594931952
arraial do cabo,-22.97,-42.03,21.0,64,75,3.1,BR,1594931953
portland,45.52,-122.68,28.33,53,40,2.1,US,1594931858
new norfolk,-42.78,147.06,3.33,90,8,1.1,AU,1594931953
jamestown,42.1,-79.24,26.11,88,90,3.1,US,1594931794
xunchang,28.45,104.72,23.57,95,100,0.26,CN,1594931953
tibiri,13.56,7.05,30.81,52,29,4.76,NE,1594931953
limbang,4.75,115.0,24.0,94,75,0.5,MY,1594931953
hay river,60.82,-115.8,16.0,72,75,6.7,CA,1594931954
bengkulu,-3.8,102.27,24.51,87,62,1.91,ID,1594931954
castro,-24.79,-50.01,15.39,76,93,1.27,BR,1594931734
manokwari,-0.87,134.08,26.11,70,1,1.98,ID,1594931954
ayorou,14.73,0.92,34.59,36,23,2.67,NE,1594931954
carnarvon,-24.87,113.63,17.0,100,75,4.6,AU,1594931955
hobart,-42.88,147.33,3.33,93,40,0.5,AU,1594931777
ayia marina,37.75,23.53,26.11,37,0,2.4,GR,1594931955
itaituba,-4.28,-55.98,35.0,47,40,5.1,BR,1594931887
bubaque,11.28,-15.83,26.44,84,100,7.52,GW,1594931900
beringovskiy,63.05,179.32,11.47,78,93,2.12,RU,1594931956
mezen,65.85,44.24,11.02,71,99,2.2,RU,1594931956
chuy,-33.7,-53.46,9.96,87,81,2.44,UY,1594931957
emilio carranza,19.97,-96.61,31.94,54,0,7.96,MX,1594931957
port elizabeth,-33.92,25.57,5.0,93,28,2.1,ZA,1594931957
novoagansk,61.94,76.66,10.99,75,15,2.77,RU,1594931957
tuktoyaktuk,69.45,-133.04,13.0,62,75,5.7,CA,1594931957
stornoway,58.21,-6.39,13.0,93,99,3.6,GB,1594931934
codrington,-38.27,141.97,3.48,92,1,3.32,AU,1594931958
souillac,-20.52,57.52,21.0,77,40,3.6,MU,1594931958
maues,-3.38,-57.72,31.11,58,88,0.73,BR,1594931958
griffith,41.53,-87.42,27.78,69,40,3.1,US,1594931813
bentiu,9.23,29.83,23.49,87,99,1.76,SS,1594931959
cape town,-33.93,18.42,9.0,87,0,1.5,ZA,1594931922
santa clara,22.4,-79.97,29.0,74,75,6.2,CU,1594931883
taltal,-25.4,-70.48,18.33,48,20,2.29,CL,1594931959
cayenne,4.93,-52.33,30.0,70,100,1.5,GF,1594931771
bairiki,1.33,172.98,28.0,78,75,2.6,KI,1594931791
port hardy,50.7,-127.42,14.0,87,75,4.6,CA,1594931960
grand gaube,-20.01,57.66,20.0,80,3,1.79,MU,1594931960
provideniya,64.38,-173.3,9.0,81,90,2.0,RU,1594931737
leh,34.17,77.58,15.99,40,17,2.31,IN,1594931960
mahebourg,-20.41,57.7,21.0,77,40,3.6,MU,1594931960
bethel,41.37,-73.41,25.0,60,90,4.1,US,1594931960
yarada,17.65,83.27,28.0,83,90,5.1,IN,1594931946
hilo,19.73,-155.09,28.0,65,1,2.6,US,1594931719
mattru,7.62,-11.83,22.85,85,100,1.09,SL,1594931961
taveta,-3.4,37.67,19.0,77,40,4.1,KE,1594931961
coxim,-18.51,-54.76,30.13,25,0,2.33,BR,1594931961
jatiroto,-7.88,111.12,21.63,85,6,0.63,ID,1594931962
bilibino,68.05,166.44,7.68,88,100,0.79,RU,1594931962
husavik,66.04,-17.34,11.0,87,90,8.2,IS,1594931931
aykhal,66.0,111.5,11.0,76,0,2.0,RU,1594931962
butaritari,3.07,172.79,28.39,68,54,4.66,KI,1594931962
khuzhir,53.19,107.34,9.98,73,0,5.23,RU,1594931963
cannes,43.55,7.02,24.0,69,22,1.0,FR,1594931963
saint anthony,45.02,-93.22,28.89,37,1,5.1,US,1594931963
burns lake,54.23,-125.75,18.76,57,93,5.13,CA,1594931963
diego de almagro,-26.37,-70.05,24.83,15,0,3.56,CL,1594931964
sao miguel do araguaia,-13.28,-50.16,27.59,35,2,0.07,BR,1594931964
lixourion,38.2,20.43,24.0,78,20,3.6,GR,1594931964
taoudenni,22.68,-3.98,34.66,31,100,2.28,ML,1594931964
boyolangu,-8.12,111.89,21.8,90,20,0.62,ID,1594931964
price,39.6,-110.81,31.0,16,40,10.3,US,1594931857
avera,33.19,-82.53,34.0,49,1,3.1,US,1594931898
georgetown,5.41,100.34,25.56,100,40,1.66,MY,1594931879
ornskoldsvik,63.29,18.72,14.0,82,0,1.0,SE,1594931965
chernyshevskiy,63.01,112.47,10.54,91,60,2.66,RU,1594931965
belyy yar,53.6,91.39,17.0,72,74,3.0,RU,1594931776
letlhakeng,-24.09,25.03,6.03,57,0,1.7,BW,1594931965
mackay,-21.15,149.2,5.0,93,0,1.5,AU,1594931926
pevek,69.7,170.31,3.85,99,100,2.3,RU,1594931966
egvekinot,66.32,-179.17,12.04,80,67,1.68,RU,1594931966
lavrentiya,65.58,-171.0,10.69,77,98,1.97,RU,1594931738
sao filipe,14.9,-24.5,24.33,81,18,4.22,CV,1594931966
vila,42.03,-8.16,30.56,39,45,5.1,PT,1594931967
ulaangom,49.98,92.07,15.81,57,7,2.03,MN,1594931929
kaitangata,-46.28,169.85,4.44,73,9,0.89,NZ,1594931967
saint-philippe,-21.36,55.77,20.0,72,11,3.1,RE,1594931967
guadalupe y calvo,26.1,-106.97,21.13,71,78,2.66,MX,1594931968
mar del plata,-38.0,-57.56,13.33,50,0,4.1,AR,1594931681
los llanos de aridane,28.66,-17.92,22.22,78,20,5.1,ES,1594931968
alice springs,-23.7,133.88,1.0,64,0,2.6,AU,1594931951
plettenberg bay,-34.05,23.37,14.46,41,44,2.17,ZA,1594931968
shakawe,-18.37,21.85,12.57,46,0,4.15,BW,1594931923
geraldton,-28.77,114.6,14.0,87,90,9.3,AU,1594931969
nelson bay,-32.72,152.15,13.0,76,90,4.6,AU,1594931969
yatou,37.15,122.38,19.39,93,0,2.77,CN,1594931969
kavaratti,10.57,72.64,28.29,80,99,11.03,IN,1594931898
constitucion,-35.33,-72.42,12.07,82,100,4.46,CL,1594931970
maceio,-9.67,-35.74,25.0,65,40,6.2,BR,1594931748
esperance,-33.87,121.9,14.0,100,90,5.1,AU,1594931970
dawlatabad,36.41,64.91,27.76,19,29,2.21,AF,1594931970
sobolevo,54.43,31.9,11.99,89,93,2.67,RU,1594931971
kodiak,57.79,-152.41,14.0,76,90,2.1,US,1594931971
avarua,-21.21,-159.78,23.0,69,0,4.1,CK,1594931971
bambous virieux,-20.34,57.76,21.0,77,40,3.6,MU,1594931781
nathdwara,24.93,73.82,28.28,70,6,1.91,IN,1594931971
dunedin,-45.87,170.5,4.44,75,43,2.24,NZ,1594931882
xuchang,34.02,113.82,23.0,83,100,1.0,CN,1594931972
rio branco,-9.97,-67.81,32.0,52,40,1.5,BR,1594931972
beruwala,6.48,79.98,26.83,86,100,2.95,LK,1594931972
dingle,11.0,122.67,24.65,88,19,0.83,PH,1594931894
saint-augustin,51.23,-58.65,21.4,45,48,7.51,CA,1594931972
port alfred,-33.59,26.89,14.23,49,14,3.35,ZA,1594931879
yar-sale,66.83,70.83,7.64,79,0,1.97,RU,1594931973
russell,32.35,-85.2,34.0,52,1,2.33,US,1594931973
salinas,36.68,-121.66,22.22,60,1,5.7,US,1594931882
asau,46.43,26.4,15.0,88,0,2.38,RO,1594931887
beckley,37.78,-81.19,34.0,58,20,3.6,US,1594931758
neusiedl am see,47.94,16.83,16.0,82,20,4.1,AT,1594931974
rafaela,-31.25,-61.49,20.0,28,0,1.34,AR,1594931916
norman wells,65.28,-126.83,17.0,82,90,4.6,CA,1594931975
matamoros,25.53,-103.25,36.0,22,75,3.1,MX,1594931975
talnakh,69.49,88.4,9.0,93,40,6.0,RU,1594931975
vestmannaeyjar,63.44,-20.27,10.93,90,100,6.91,IS,1594931975
cabo san lucas,22.89,-109.91,34.0,62,5,5.1,MX,1594931930
oxapampa,-10.58,-75.4,19.57,75,52,1.47,PE,1594931976
kutum,14.2,24.67,26.43,48,69,3.9,SD,1594931976
skelleftea,64.75,20.95,16.11,72,0,1.5,SE,1594931901
antofagasta,-23.65,-70.4,14.0,76,75,6.2,CL,1594931795
antalaha,-14.9,50.28,20.9,81,58,3.37,MG,1594931901
ondjiva,-17.07,15.73,13.45,37,0,4.06,AO,1594931977
ancud,-41.87,-73.82,11.11,93,90,5.7,CL,1594931977
port hedland,-20.32,118.57,12.0,71,0,2.6,AU,1594931977
prodromos,34.95,32.83,25.0,78,20,2.1,CY,1594931977
east london,-33.02,27.91,14.62,41,0,2.57,ZA,1594931977
atikokan,48.76,-91.62,19.75,69,99,2.0,CA,1594931977
ponta do sol,32.67,-17.1,22.0,73,1,1.5,PT,1594931977
sitka,57.05,-135.33,15.0,77,75,4.6,US,1594931978
villamontes,-21.25,-63.5,26.77,42,56,1.14,BO,1594931978
kudahuvadhoo,2.67,72.89,29.11,69,100,2.03,MV,1594931978
chokurdakh,70.63,147.92,5.79,89,100,3.2,RU,1594931978
saldanha,-33.01,17.94,11.0,66,0,4.52,ZA,1594931979
imbituba,-28.24,-48.67,17.0,63,75,1.5,BR,1594931979
katsuura,35.13,140.3,20.0,94,75,1.5,JP,1594931979
soyo,-6.13,12.37,22.34,90,77,2.01,AO,1594931979
moorhead,46.87,-96.77,29.0,37,20,6.7,US,1594931980
corpus christi,27.8,-97.4,33.0,70,75,8.7,US,1594931884
pekin,39.91,116.4,30.0,74,100,3.13,CN,1594931851
san cristobal,7.77,-72.22,33.0,46,40,2.1,VE,1594931980
airai,-8.93,125.41,13.16,91,0,1.27,TL,1594931980
ribeira grande,38.52,-28.7,22.0,73,75,5.1,PT,1594931981
suhbaatar,50.23,106.21,8.11,77,20,1.0,MN,1594931981
khandbari,27.37,87.2,23.65,78,93,0.62,NP,1594931981
port-gentil,-0.72,8.78,25.0,83,75,5.32,GA,1594931955
khuzdar,27.74,66.64,28.07,39,22,0.69,PK,1594931982
narsaq,60.92,-46.05,18.0,36,20,3.6,GL,1594931982
tuatapere,-46.13,167.68,0.48,94,40,1.61,NZ,1594931982
tasiilaq,65.61,-37.64,9.0,66,97,6.2,GL,1594931982
yellowknife,62.46,-114.35,19.44,45,75,2.6,CA,1594931982
caravelas,-17.71,-39.25,22.52,74,59,5.23,BR,1594931983
zhanakorgan,43.91,67.25,29.79,24,1,5.36,KZ,1594931983
ilulissat,69.22,-51.1,6.88,68,95,1.25,GL,1594931983
vangaindrano,-23.35,47.6,16.82,77,33,4.71,MG,1594931983
oksfjord,70.24,22.35,16.0,67,88,1.5,NO,1594931983
cabra,37.47,-4.44,30.0,35,0,2.81,ES,1594931922
nago,26.59,127.98,28.0,88,90,3.1,JP,1594931983
hibbing,47.43,-92.94,21.0,73,90,1.5,US,1594931984
kavieng,-2.57,150.8,28.06,69,57,1.22,PG,1594931984
vaitape,-16.52,-151.75,24.79,85,100,7.05,PF,1594931984
pacific grove,36.62,-121.92,22.22,68,40,4.1,US,1594931840
ust-barguzin,53.45,108.98,8.63,85,40,1.35,RU,1594931984
mae ramat,16.98,98.52,23.06,93,100,0.42,TH,1594931985
stanislav,46.57,32.15,21.26,59,100,3.47,UA,1594931985
benton harbor,42.12,-86.45,24.44,73,40,3.6,US,1594931983
alyangula,-13.85,136.42,13.0,93,2,4.41,AU,1594931986
thinadhoo,0.53,72.93,29.09,67,71,1.73,MV,1594931986
odesskoye,54.21,72.97,19.8,69,0,2.28,RU,1594931986
sept-iles,50.2,-66.38,20.0,42,90,6.2,CA,1594931986
aklavik,68.22,-135.01,16.0,67,75,2.6,CA,1594931987
lincoln,40.8,-96.67,30.56,58,40,3.6,US,1594931833
xining,36.62,101.77,12.79,77,32,0.52,CN,1594931794
dunmore town,25.5,-76.65,28.91,73,2,6.13,BS,1594931987
mitu,1.2,-70.17,26.52,91,94,0.89,CO,1594931988
klaksvik,62.23,-6.59,11.0,87,0,5.1,FO,1594931988
hauterive,46.09,3.45,19.0,72,75,2.1,FR,1594931988
noumea,-22.28,166.46,16.0,77,75,0.5,NC,1594931941
harstad,68.8,16.53,15.0,82,100,0.27,NO,1594931988
passo de camaragibe,-9.24,-35.49,25.0,65,40,6.2,BR,1594931989
laurel,39.1,-76.85,30.56,65,75,3.6,US,1594931989
guiglo,6.55,-7.5,21.81,84,100,1.35,CI,1594931989
ugra,54.78,34.33,11.83,92,73,2.17,RU,1594931989
mouila,-1.87,11.06,23.39,78,100,1.25,GA,1594931990
karabuk,41.2,32.63,19.3,78,75,1.02,TR,1594931990
herat,34.5,62.0,24.27,36,0,14.29,AF,1594931990
omsukchan,62.53,155.8,11.17,86,100,4.31,RU,1594931990
edgewater,28.99,-80.9,32.78,62,20,4.1,US,1594931986
port lavaca,28.61,-96.63,35.0,56,75,6.7,US,1594931991
marsa matruh,31.35,27.25,25.0,73,75,7.2,EG,1594931991
monrovia,6.3,-10.8,24.0,94,40,3.22,LR,1594931991
albany,42.6,-73.97,25.56,57,91,0.45,US,1594931716
palauig,15.44,119.9,27.74,74,40,2.28,PH,1594931992
moron,-34.65,-58.62,16.67,49,15,1.69,AR,1594931775
amari,35.23,24.65,25.56,44,0,2.38,GR,1594931992
boli,45.77,130.52,22.1,78,0,1.91,CN,1594931893
gherghesti,46.5,27.52,16.0,93,14,1.0,RO,1594931992
jinhua,29.11,119.65,23.44,92,96,0.78,CN,1594931993
saint george,37.1,-113.58,40.0,12,1,5.7,US,1594931738
meulaboh,4.14,96.13,24.72,90,100,2.09,ID,1594931761
wamba,8.93,8.6,22.08,94,81,1.55,NG,1594931993
kahului,20.89,-156.47,29.0,66,40,9.3,US,1594931715
bethanien,-26.5,17.16,11.32,39,0,4.03,NA,1594931993
camalu,30.85,-116.07,24.44,46,6,3.58,MX,1594931994
batamshinskiy,50.56,58.27,23.0,35,0,3.0,KZ,1594931994
lokosovo,61.13,74.82,13.85,66,0,3.19,RU,1594931994
gilgit,35.92,74.31,24.99,37,68,0.88,PK,1594931950
whitianga,-36.83,175.7,13.33,85,80,4.02,NZ,1594931994
zlobin,45.29,14.65,23.0,56,58,2.37,HR,1594931995
tenenkou,14.46,-4.92,29.7,58,64,5.77,ML,1594931995
talavera de la reina,39.96,-4.83,27.95,27,3,1.7,ES,1594931995
uyuni,-20.46,-66.83,9.98,37,0,2.66,BO,1594931932
tiksi,71.69,128.87,2.88,85,10,8.71,RU,1594931996
santa fe,-31.63,-60.7,18.89,44,0,1.34,AR,1594931996
byron bay,-28.65,153.62,10.56,71,40,3.6,AU,1594931893
misratah,32.38,15.09,25.97,79,0,5.67,LY,1594931997
isangel,-19.55,169.27,20.0,88,17,2.6,VU,1594931997
saskylakh,71.92,114.08,8.36,61,100,9.02,RU,1594931997
dauphin,51.15,-100.05,25.0,47,20,7.2,CA,1594931901
srandakan,-7.94,110.25,23.48,90,4,0.44,ID,1594931959
sistranda,63.73,8.83,15.0,72,75,2.1,NO,1594931997
eyl,7.98,49.82,28.17,58,100,10.75,SO,1594931998
pangody,65.85,74.49,7.33,85,16,2.12,RU,1594931956
sirjan,29.45,55.68,23.01,47,97,3.91,IR,1594931827
ukiah,39.15,-123.21,33.89,35,1,2.1,US,1594931912
guerrero negro,27.98,-114.06,26.37,49,0,7.56,MX,1594931948
charters towers,-20.1,146.27,9.4,51,0,3.41,AU,1594931998
nemuro,43.32,145.57,14.12,89,89,3.05,JP,1594931998
paamiut,61.99,-49.67,7.4,80,17,9.21,GL,1594931999
namtsy,62.72,129.67,14.0,82,72,2.0,RU,1594931999
rensvik,63.1,7.82,15.0,77,90,1.5,NO,1594931999
chunskiy,56.08,99.63,11.4,93,100,3.14,RU,1594931999
laguna,38.42,-121.42,30.0,39,1,2.6,US,1594931999
faya,18.39,42.45,21.0,52,48,5.1,SA,1594931999
porto novo,6.5,2.6,25.0,88,20,3.1,BJ,1594932000
bima,-8.47,118.72,21.18,78,0,0.71,ID,1594932000
mwene-ditu,-7.0,23.45,20.48,36,11,2.65,CD,1594932000
zorgo,12.25,-0.62,26.21,74,29,5.44,BF,1594932000
micheweni,-4.97,39.83,25.0,67,72,8.67,TZ,1594932001
emerald,-23.53,148.17,3.33,58,0,0.89,AU,1594932001
san luis,-33.3,-66.34,15.17,36,51,1.4,AR,1594932001
zyryanka,65.75,150.85,9.97,76,81,3.72,RU,1594931921
villa union,23.2,-106.23,34.0,52,40,5.1,MX,1594932002
krasnoznamensk,55.6,37.04,14.0,93,75,4.0,RU,1594932002
montepuez,-13.13,39.0,15.35,71,11,4.53,MZ,1594932003
san policarpo,12.18,125.51,28.24,77,17,2.72,PH,1594932003
sekondi,4.94,-1.71,23.45,86,93,2.9,GH,1594932003
boa vista,2.82,-60.67,30.0,58,75,5.7,BR,1594931928
havoysund,71.0,24.66,13.0,82,84,0.5,NO,1594932003
tsevie,6.43,1.21,24.0,88,20,4.1,TG,1594932004
zhezkazgan,47.8,67.71,24.76,27,0,7.3,KZ,1594932004
nyurba,63.28,118.33,15.64,77,98,3.13,RU,1594932004
juba,4.85,31.58,21.31,92,85,1.58,SS,1594932004
kuala terengganu,5.33,103.14,25.0,94,20,1.5,MY,1594931982
sinjar,36.32,41.88,31.79,16,0,7.77,IQ,1594932005
shadegan,30.65,48.66,36.0,26,0,5.26,IR,1594932005
shingu,33.73,135.98,21.19,90,100,1.73,JP,1594932005
longyearbyen,78.22,15.64,8.0,81,75,0.5,SJ,1594931948
oktyabrskiy,54.48,53.47,17.43,92,100,1.3,RU,1594932006
suzhou,31.31,120.62,22.22,90,48,3.48,CN,1594932006
kuna,43.49,-116.42,32.78,19,1,4.1,US,1594932006
richmond,37.55,-77.46,33.33,46,40,5.1,US,1594932006
gizo,-8.1,156.84,28.0,77,80,6.88,SB,1594932007
flin flon,54.77,-101.86,20.0,56,75,5.7,CA,1594931904
nchelenge,-9.35,28.73,17.45,56,0,6.22,ZM,1594932007
prince rupert,54.32,-130.32,13.0,93,90,1.5,CA,1594932007
berlevag,70.86,29.09,12.0,100,97,1.0,NO,1594932007
nouakchott,18.09,-15.98,26.0,74,20,4.6,MR,1594931907
martil,35.62,-5.28,23.0,94,40,5.1,MA,1594932008
faanui,-16.48,-151.75,24.32,87,100,7.0,PF,1594932008
sibolga,1.74,98.78,23.93,81,75,1.7,ID,1594931764
abeokuta,7.15,3.35,24.0,94,20,1.5,NG,1594932009
kasongo-lunda,-6.47,16.82,23.2,29,0,0.5,CD,1594932009
ugoofaaru,5.67,73.0,28.55,79,100,4.76,MV,1594932009
mnogovershinnyy,53.94,139.92,15.23,100,100,2.12,RU,1594932009
hualmay,-11.1,-77.61,18.03,71,27,3.85,PE,1594932009
hobyo,5.35,48.53,25.88,74,84,12.55,SO,1594931892
brae,60.4,-1.35,13.0,93,100,5.1,GB,1594932009
altay,47.87,88.12,19.71,39,18,3.93,CN,1594932010
ormara,25.21,64.64,29.64,82,100,5.31,PK,1594932010
rocha,-34.48,-54.33,8.06,81,47,2.26,UY,1594932010
ninghai,29.29,121.42,25.56,99,100,1.34,CN,1594932010
ekhabi,53.51,142.97,14.7,88,100,3.23,RU,1594932011
lahij,13.17,44.58,32.08,39,78,0.45,YE,1594932011
bodden town,19.28,-81.25,33.0,70,20,6.2,KY,1594932011
shenjiamen,29.96,122.3,23.09,90,96,3.74,CN,1594931740
miri,4.41,114.01,24.0,100,40,1.0,MY,1594931885
iqaluit,63.75,-68.51,12.0,54,75,3.6,CA,1594932011
turukhansk,65.82,87.98,7.49,92,0,6.77,RU,1594932012
mayumba,-3.43,10.66,21.85,89,56,1.82,GA,1594932012
ajaccio,42.0,8.92,22.0,73,9,1.5,FR,1594932012
beyneu,45.32,55.2,29.18,22,95,3.47,KZ,1594931746
lata,40.16,-8.33,30.56,38,0,0.89,PT,1594931783
port lincoln,-34.73,135.87,11.65,71,0,3.53,AU,1594931734
salmo,49.2,-117.27,23.89,37,22,3.58,CA,1594932013
jiazi,22.88,116.07,27.72,88,64,4.24,CN,1594932013
batsfjord,70.63,29.72,12.0,93,100,0.5,NO,1594932013
ambon,-3.7,128.18,24.44,16,95,4.56,ID,1594932014
varna,43.22,27.92,21.0,68,23,1.13,BG,1594931883
kargat,55.2,80.28,19.99,94,0,2.58,RU,1594932014
jinchang,38.5,102.17,18.61,50,45,1.32,CN,1594932014
novobirilyussy,56.95,90.67,13.88,95,86,3.15,RU,1594932014
clyde river,70.47,-68.59,19.0,52,75,5.7,CA,1594932015
smithers,54.78,-127.17,16.0,77,75,1.5,CA,1594932015
jalu,29.03,21.55,28.97,39,0,6.19,LY,1594932015
plouzane,48.38,-4.62,16.0,87,90,4.1,FR,1594932015
atmakur,15.88,78.58,23.8,89,88,2.19,IN,1594932015
cayambe,0.05,-78.13,25.0,23,20,4.6,EC,1594932001
hearst,49.68,-83.67,27.51,35,98,5.61,CA,1594932015
ayan,56.45,138.17,12.34,96,99,3.89,RU,1594932016
khasan,42.43,130.64,17.69,95,88,0.13,RU,1594932016
fairbanks,64.84,-147.72,17.0,82,90,0.8,US,1594931863
rimbey,52.63,-114.24,24.0,50,75,5.1,CA,1594932016
hosangadi,13.7,74.95,24.47,90,100,2.42,IN,1594932016
stillwater,36.12,-97.06,31.11,58,1,4.6,US,1594931735
salym,60.06,71.48,17.99,97,2,1.9,RU,1594932017
lagunas,-5.23,-75.68,30.19,61,49,0.95,PE,1594931958
pordim,43.38,24.85,21.0,68,75,3.86,BG,1594932017
amapa,1.0,-52.0,25.68,94,34,0.81,BR,1594932018
vardo,70.37,31.11,13.0,82,57,2.1,NO,1594931794
can,40.03,27.05,23.0,40,0,5.7,TR,1594932018
kanigoro,-8.13,112.22,20.92,92,10,0.81,ID,1594932018
invermere,50.52,-116.04,24.44,43,83,0.89,CA,1594932018
namibe,-15.2,12.15,20.43,58,0,1.85,AO,1594932018
poltavka,54.37,71.76,19.5,68,28,1.71,RU,1594932018
maniago,46.17,12.71,21.11,86,100,1.63,IT,1594932019
muisne,0.6,-80.03,25.3,82,72,3.01,EC,1594932019
tahta,26.77,31.5,28.17,27,0,4.57,EG,1594932019
tabou,4.42,-7.35,23.83,79,82,4.49,CI,1594931902
warangal,18.0,79.58,24.6,83,90,2.65,IN,1594932019
nizhneangarsk,55.78,109.55,8.41,75,50,3.05,RU,1594932019
vila franca do campo,37.72,-25.43,21.0,77,75,4.1,PT,1594931809
berkak,62.83,10.01,13.89,81,61,0.89,NO,1594932020
chengde,40.97,117.94,19.15,79,100,0.88,CN,1594932020
kearney,40.7,-99.08,31.0,62,40,4.6,US,1594931992
olafsvik,64.89,-23.71,9.55,78,99,12.72,IS,1594932020
siniscola,40.57,9.69,23.0,60,10,3.1,IT,1594932021
linxia,35.6,103.21,14.31,71,2,1.8,CN,1594931911
kruisfontein,-34.0,24.73,8.78,55,35,1.69,ZA,1594932021
west plains,36.73,-91.85,34.0,49,75,3.6,US,1594931948
namatanai,-3.67,152.43,26.65,81,78,1.87,PG,1594932022
minbu,20.18,94.88,26.32,79,100,3.77,MM,1594932022
lagoa,39.05,-27.98,20.25,81,100,5.94,PT,1594932023
henties bay,-22.12,14.28,22.78,12,0,1.5,NA,1594931752
bac lieu,9.29,105.72,26.44,83,31,1.07,VN,1594931928
brownwood,31.71,-98.99,38.0,18,1,5.1,US,1594932023
badnawar,23.02,75.22,26.65,80,5,2.93,IN,1594932024
banda aceh,5.56,95.32,26.21,83,80,2.26,ID,1594932024
sakaiminato,35.55,133.23,23.0,83,75,4.6,JP,1594931945
senador guiomard,-10.15,-67.74,32.0,52,40,1.5,BR,1594932024
gigmoto,13.78,124.39,27.36,81,1,2.52,PH,1594932025
richards bay,-28.78,32.04,13.34,77,0,2.24,ZA,1594932025
talen,23.57,76.72,26.7,84,9,2.91,IN,1594932025
gamboma,-1.88,15.86,25.63,69,99,0.82,CG,1594932025
bellmead,31.59,-97.11,38.89,32,5,2.6,US,1594932025
victoria,22.29,114.16,28.33,88,98,6.71,HK,1594931992
raga,8.46,25.68,21.06,94,19,2.16,SS,1594931751
linhares,-19.39,-40.07,19.45,86,78,2.22,BR,1594932026
komsomolskiy,40.43,71.72,28.0,26,20,2.1,UZ,1594931790
vila velha,-20.33,-40.29,22.0,73,40,4.1,BR,1594932027
gogrial,8.53,28.1,23.34,85,87,1.57,SS,1594932027
itoman,26.12,127.67,28.0,94,75,3.6,JP,1594931812
vostok,46.49,135.88,17.09,90,3,1.42,RU,1594932027
general pico,-35.66,-63.76,14.15,49,4,2.62,AR,1594932003
borda da mata,-22.27,-46.17,16.68,82,44,2.03,BR,1594932028
araouane,18.9,-3.53,34.57,32,85,5.65,ML,1594932028
cangucu,-31.39,-52.68,12.0,87,96,5.1,BR,1594932028
lashio,22.93,97.75,20.7,99,100,0.37,MM,1594932029
tautira,-17.73,-149.15,28.0,69,40,2.6,PF,1594932029
port macquarie,-31.43,152.92,14.44,76,49,1.34,AU,1594931951
shimoda,34.67,138.95,16.67,96,100,0.89,JP,1594932029
rio grande,-32.03,-52.1,12.0,87,61,5.1,BR,1594931856
kattivakkam,13.22,80.32,26.0,94,75,1.0,IN,1594931925
luanda,-8.84,13.23,22.0,88,0,4.1,AO,1594931766
salinopolis,-0.61,-47.36,26.66,84,36,4.73,BR,1594932030
lisala,2.15,21.52,21.89,94,100,0.48,CD,1594932031
beira,-19.84,34.84,21.0,68,75,7.7,MZ,1594932012
eucaliptus,-17.58,-67.52,14.02,27,0,1.7,BO,1594932031
mastic beach,40.77,-72.85,24.44,56,1,3.1,US,1594932031
abu samrah,35.3,37.18,21.97,67,0,5.26,SY,1594932031
svetlaya,46.54,138.33,18.32,88,5,2.07,RU,1594931909
lobito,-12.35,13.55,20.82,84,0,1.98,AO,1594932032
flagstaff,35.2,-111.65,26.0,24,75,7.7,US,1594932032
barranca,-10.75,-77.77,17.48,74,24,4.19,PE,1594932032
buenos aires,-34.61,-58.38,14.44,71,19,2.1,AR,1594931961
narasannapeta,18.42,84.05,27.05,83,59,5.12,IN,1594932033
finnsnes,69.23,17.98,14.0,87,75,0.81,NO,1594932033
savannah bight,16.45,-85.85,28.72,77,73,4.53,HN,1594932033
palmer,42.16,-72.33,25.0,58,72,1.79,US,1594932013
hammerfest,70.66,23.68,13.0,76,20,2.1,NO,1594931857
lompoc,34.64,-120.46,24.0,53,8,2.6,US,1594932013
fort nelson,58.81,-122.7,17.0,82,90,1.5,CA,1594932035
hede,33.77,120.25,18.34,93,67,2.02,CN,1594932035
toora-khem,52.47,96.11,9.39,71,75,0.71,RU,1594932035
xichang,27.9,102.26,20.24,81,100,0.29,CN,1594932035
impfondo,1.64,18.07,22.52,92,100,0.84,CG,1594932036
ahipara,-35.17,173.17,14.77,90,100,4.51,NZ,1594931953
padang,-0.95,100.35,25.2,82,95,2.46,ID,1594932036
isla mujeres,21.23,-86.73,32.0,62,20,4.6,MX,1594932036
charlestown,-32.95,151.67,12.22,82,100,1.34,AU,1594931894
roald,62.58,6.13,16.67,77,75,2.6,NO,1594932036
muros,42.78,-9.06,21.11,62,60,5.36,ES,1594932037
luau,-10.71,22.22,18.67,29,11,4.11,AO,1594932037
eureka,40.8,-124.16,21.11,72,20,3.1,US,1594932037
ponta delgada,37.73,-25.67,21.0,77,75,4.1,PT,1594932038
huarmey,-10.07,-78.15,18.66,70,4,4.37,PE,1594931873
nuevo progreso,23.17,-97.95,33.89,54,11,2.24,MX,1594932038
shepsi,44.04,39.15,23.87,72,86,3.31,RU,1594932038
sao joao da barra,-21.64,-41.05,22.0,68,75,3.1,BR,1594931960
port moresby,-9.44,147.18,23.73,90,29,4.95,PG,1594932039
merauke,-8.47,140.33,24.32,82,8,5.98,ID,1594932039
marsh harbour,26.54,-77.06,28.6,74,0,6.51,BS,1594932038
flinders,-34.58,150.86,12.22,74,56,4.47,AU,1594931773
salalah,17.02,54.09,28.0,94,75,3.1,OM,1594932040
daltenganj,24.03,84.07,27.73,73,81,2.41,IN,1594932040
ryotsu,38.08,138.43,18.0,93,100,1.0,JP,1594932040
north bend,43.41,-124.22,25.56,77,90,8.7,US,1594931923
vanimo,-2.67,141.3,25.56,83,40,0.85,PG,1594932041
abha,18.22,42.51,21.0,52,47,5.1,SA,1594931886
maniitsoq,65.42,-52.9,8.13,82,7,3.75,GL,1594932041
northam,51.03,-4.22,17.22,94,0,2.24,GB,1594932041
dargaville,-35.93,173.88,14.15,90,100,5.33,NZ,1594931906
kamenka,51.32,42.77,16.11,67,0,2.0,RU,1594932042
baruun-urt,46.68,113.28,14.41,90,31,4.19,MN,1594932042
upington,-28.45,21.26,9.0,39,0,3.1,ZA,1594932042
gat,31.61,34.76,26.11,70,0,0.61,IL,1594932043
moussoro,13.64,16.49,28.84,54,80,6.53,TD,1594932043
fayaoue,-20.65,166.53,20.92,62,0,3.22,NC,1594932043
naze,28.37,129.48,26.0,94,75,5.7,JP,1594931880
belmonte,-15.86,-38.88,24.0,69,75,3.6,BR,1594932043
ilhabela,-23.78,-45.36,19.42,79,71,4.96,BR,1594932044
broome,42.25,-75.83,24.44,73,90,6.7,US,1594932044
san juan,-31.54,-68.54,17.73,28,0,2.06,AR,1594932045
pemangkat,1.17,108.97,25.1,89,99,1.91,ID,1594931903
touros,-5.2,-35.46,25.0,83,75,2.6,BR,1594932045
bahia honda,22.9,-83.16,29.59,71,90,4.87,CU,1594931884
assomada,15.1,-23.68,26.0,69,75,4.6,CV,1594932046
cabedelo,-6.98,-34.83,24.0,94,75,3.1,BR,1594932046
oranjemund,-28.55,16.43,19.25,25,0,4.71,NA,1594931914
registro,-24.49,-47.84,17.14,85,61,1.1,BR,1594932046
yerbogachen,61.28,108.01,8.87,86,0,3.01,RU,1594932047
umba,66.69,34.34,10.14,71,0,1.13,RU,1594932047
norrtalje,59.76,18.7,17.78,80,0,1.67,SE,1594932047
jacarei,-23.31,-45.97,19.0,68,5,3.1,BR,1594932048
springbok,-29.66,17.89,11.68,40,0,6.96,ZA,1594932048
kaeo,-35.1,173.78,15.56,3,100,3.13,NZ,1594932048
morant bay,17.88,-76.41,32.0,52,40,7.7,JM,1594932048
deputatskiy,69.3,139.9,5.43,75,36,1.35,RU,1594932049
jacareacanga,-6.22,-57.75,30.25,54,57,1.23,BR,1594932049
soe,-9.86,124.28,17.31,100,54,1.9,ID,1594932049
parrita,9.52,-84.32,29.0,47,20,7.7,CR,1594931787
gornopravdinsk,60.05,69.9,18.91,96,5,2.59,RU,1594931915
mikhaylovka,50.06,43.24,17.06,63,75,0.47,RU,1594932049
bejar,40.39,-5.76,28.89,27,23,1.79,ES,1594932050
bom jesus,-9.07,-44.36,27.69,39,0,2.63,BR,1594932050
pathein,16.78,94.73,26.01,88,75,1.65,MM,1594932050
shirokiy,49.76,129.52,20.77,88,90,2.51,RU,1594932050
houma,29.6,-90.72,23.0,100,90,1.5,US,1594931872
lakatoro,-16.1,167.42,21.0,100,40,2.34,VU,1594932050
pochutla,15.74,-96.47,32.22,62,90,6.2,MX,1594932051
skibbereen,51.55,-9.27,19.0,63,20,3.6,IE,1594932051
kiunga,-6.12,141.29,22.83,96,97,1.37,PG,1594932051
khorixas,-20.37,14.97,15.85,30,0,6.66,NA,1594932051
pitimbu,-7.47,-34.81,24.0,94,75,3.1,BR,1594932051
santa lucia,27.91,-15.54,23.0,73,2,10.3,ES,1594932052
hambantota,6.12,81.12,27.86,74,100,8.67,LK,1594931909
udachnyy,66.42,112.4,11.0,76,2,2.0,RU,1594932052
bambari,5.77,20.68,21.39,94,100,0.25,CF,1594932052
abnub,27.27,31.15,28.37,32,0,6.95,EG,1594932052
gatehouse of fleet,54.88,-4.18,17.22,82,34,1.79,GB,1594932053
coatzacoalcos,18.15,-94.42,31.0,66,75,5.1,MX,1594931881
le pradet,43.11,6.02,25.0,53,70,1.0,FR,1594932053
san quintin,30.48,-115.95,22.69,65,1,6.41,MX,1594931773
pakxan,18.38,103.66,25.08,88,93,0.64,LA,1594932054
nalut,30.33,10.85,29.9,17,7,1.37,LY,1594932054
riachao das neves,-11.75,-44.91,26.51,35,32,2.03,BR,1594932054
opuwo,-18.06,13.84,14.52,34,0,6.54,NA,1594932054
itarema,-2.92,-39.92,26.34,72,0,6.03,BR,1594932055
balkhash,46.84,74.98,24.4,42,0,9.35,KZ,1594932055
leningradskiy,69.38,178.42,6.31,87,99,4.7,RU,1594932055
tevriz,57.51,72.4,20.79,90,0,2.01,RU,1594932055
balkanabat,39.51,54.37,25.55,75,0,2.67,TM,1594932056
kilindoni,-7.91,39.67,24.99,68,73,9.78,TZ,1594932056
martinho campos,-19.33,-45.24,21.99,56,99,0.4,BR,1594932056
cidreira,-30.18,-50.21,12.7,87,100,8.66,BR,1594932056
lake havasu city,34.48,-114.32,43.33,8,1,5.7,US,1594932056
valparaiso,-33.04,-71.63,13.0,71,100,2.1,CL,1594931874
lorengau,-2.02,147.27,27.96,69,64,1.67,PG,1594932056
batagay,67.63,134.63,10.71,52,47,1.48,RU,1594932057
rondonopolis,-16.47,-54.64,30.54,19,0,2.42,BR,1594931963
chacabuco,-34.64,-60.47,16.67,43,1,3.0,AR,1594931960
pangnirtung,66.15,-65.71,17.0,51,20,1.6,CA,1594932057
ashqelon,31.67,34.57,26.11,69,40,2.1,IL,1594932057
freiburg,46.8,7.15,18.0,72,90,0.74,CH,1594932057
kloulklubed,7.04,134.26,28.48,72,93,3.06,PW,1594932058
ostrovskoye,57.81,42.24,12.53,98,9,2.77,RU,1594932058
broken hill,-31.95,141.43,5.0,65,0,3.1,AU,1594931931
tombouctou,20.0,-3.0,34.94,31,100,7.92,ML,1594932059
lubango,-14.92,13.49,12.69,37,0,3.66,AO,1594931922
pietarsaari,63.65,22.68,14.44,87,0,0.5,FI,1594932059
redlands,34.06,-117.18,32.78,27,5,3.1,US,1594932059
xiaoweizhai,26.19,107.51,22.06,94,99,2.82,CN,1594932060
yarmouth,41.71,-70.23,20.56,71,90,3.93,US,1594932060
paltin,45.78,26.72,20.0,68,40,2.1,RO,1594932060
sovetskaya gavan,48.97,140.29,16.24,93,35,3.43,RU,1594932060
tessalit,20.2,1.01,33.45,30,25,5.46,ML,1594932061
seoul,37.57,126.98,22.0,94,1,0.42,KR,1594931886
tarauaca,-8.16,-70.77,30.87,51,8,0.73,BR,1594932061
nabire,-3.37,135.48,23.55,89,7,1.58,ID,1594932062
buraydah,26.33,43.98,36.0,19,2,4.6,SA,1594932062
jasper,37.2,-94.35,32.78,58,1,5.7,US,1594932062
freetown,8.48,-13.23,28.0,69,75,2.6,SL,1594932062
guanica,17.97,-66.91,31.67,61,2,2.68,PR,1594932063
churapcha,62.0,132.43,19.99,52,41,2.21,RU,1594932063
hasaki,35.73,140.83,18.0,93,75,3.1,JP,1594931945
dukat,62.55,155.55,9.69,92,100,3.58,RU,1594932063
carutapera,-1.2,-46.02,25.13,89,4,2.61,BR,1594932002
mandurah,-32.55,115.7,13.89,79,58,1.34,AU,1594932063
margate,51.38,1.39,18.33,82,95,0.45,GB,1594932064
quatre cocos,-20.21,57.76,21.0,77,40,3.6,MU,1594932064
vao,-22.67,167.48,20.73,64,85,6.11,NC,1594932065
gamba,-2.65,10.0,21.71,92,100,1.79,GA,1594932065
barnbach,47.03,15.85,18.0,82,75,2.1,AT,1594932065
pangoa,-12.12,-73.0,27.78,56,5,2.42,PE,1594932065
milagros,12.22,123.51,26.14,87,93,2.91,PH,1594932065
cairo montenotte,44.4,8.27,23.33,73,1,1.42,IT,1594932066
grindavik,63.84,-22.43,10.0,93,90,4.1,IS,1594932066
zella-mehlis,50.65,10.65,15.56,80,59,0.95,DE,1594932066
